<?xml version="1.0" encoding="UTF-8"?>
<project-private xmlns="http://www.netbeans.org/ns/project-private/1">
    <editor-bookmarks xmlns="http://www.netbeans.org/ns/editor-bookmarks/2" lastBookmarkId="0"/>
    <open-files xmlns="http://www.netbeans.org/ns/projectui-open-files/2">
        <group>
            <file>file:/C:/Users/y.ozbek/Documents/NetBeansProjects/DwrDemoApp/src/java/com/me/service/UserService.java</file>
            <file>file:/C:/Users/y.ozbek/Documents/NetBeansProjects/DwrDemoApp/web/WEB-INF/jsp/index.jsp</file>
            <file>file:/C:/Users/y.ozbek/Documents/NetBeansProjects/DwrDemoApp/web/WEB-INF/dwr.xml</file>
            <file>file:/C:/Users/y.ozbek/Documents/NetBeansProjects/DwrDemoApp/web/WEB-INF/web.xml</file>
        </group>
    </open-files>
</project-private>
