<flow xmlns="http://www.springframework.org/schema/webflow"
xmlns:xsi="http://www.w3.org/2001/XMLSchema-instance"
xsi:schemaLocation="http://www.springframework.org/schema/webflow
http://www.springframework.org/schema/webflow/spring-webflow-2.0.xsd">

<view-state id="welcome">
	<transition on="next" to="introduction" />
	<transition on="skip" to="menu" />
</view-state>

<action-state id="checkuser">
	<transition on="showorder" to="orderpage" />
	<transition on="adduser"   to="adduser" />
</action-state>

<view-state id="introduction">
	<on-render>
		<evaluate expression="bookDao.getBooks()" result="requestScope.books" />
	</on-render>
	<transition on="next" to="menu" />
</view-state>

<end-state id="menu" />

</flow>